파일명,크기_v91,길이_v91,수정일시_v91,크기_v92,길이_v92,수정일시_v92
1. 공리,3.6,13.0,2026-05-01 17:46:58,3.6,13,2026-05-01 17:46:58
10. 휨,4.3,13.0,2026-05-01 17:46:59,4.3,13,2026-05-01 17:46:59
11. 엔트로피,3.2,13.0,2026-05-01 17:46:59,3.2,13,2026-05-04 20:37:26
12. 혼돈,3.9,15.0,2026-05-01 17:46:59,3.9,15,2026-05-04 20:37:26
13. 양자,3.33,11.0,2026-05-01 17:46:59,3.34,11,2026-05-04 20:37:26
14. 파동과 확률,3.62,13.0,2026-05-01 17:46:59,3.63,13,2026-05-04 20:37:26
15. 불확정성,3.23,11.0,2026-05-01 17:46:59,3.24,11,2026-05-04 20:37:26
16. 경로,3.64,15.0,2026-05-01 17:46:59,3.64,15,2026-05-04 20:37:26
17. 얽힘,4.24,17.0,2026-05-01 17:46:59,4.24,17,2026-05-01 17:46:59
18. 측정,4.02,18.0,2026-05-01 17:46:59,4.02,18,2026-05-01 17:46:59
19. 깨짐,2.91,14.0,2026-05-01 17:47:00,2.91,14,2026-05-01 17:47:00
2. 허실,4.4,15.0,2026-05-01 17:46:58,4.4,15,2026-05-01 17:46:58
20. 입자,3.46,13.0,2026-05-01 17:47:00,3.45,13,2026-05-04 20:37:27
21. 빅뱅,3.57,11.0,2026-05-01 17:47:00,3.57,11,2026-05-01 17:47:00
22. 암흑,3.33,13.0,2026-05-01 17:47:00,3.33,13,2026-05-01 17:47:00
23. 초끈,2.54,9.0,2026-05-01 18:22:29,2.54,9,2026-05-01 18:22:29
24. 다중우주,2.84,9.0,2026-05-01 17:47:00,2.84,9,2026-05-04 20:37:26
25. 원자,3.13,13.0,2026-05-01 17:47:00,3.13,13,2026-05-01 17:47:00
26. 결합,2.81,13.0,2026-05-01 17:47:00,2.81,13,2026-05-01 17:47:00
27. 문턱,2.99,13.0,2026-05-01 17:47:00,2.99,13,2026-05-01 17:47:00
28. 핵,4.19,15.0,2026-05-01 17:47:00,4.19,15,2026-05-01 17:47:00
29. 세포,3.2,9.0,2026-05-01 17:47:01,3.2,9,2026-05-01 17:47:01
3. 극한과 무한,4.36,17.0,2026-05-01 18:08:45,4.36,17,2026-05-01 18:08:45
30. 진화,3.69,13.0,2026-05-01 17:47:01,3.69,13,2026-05-01 17:47:01
31. 뇌,3.1,11.0,2026-05-01 17:47:01,3.1,11,2026-05-01 17:47:01
32. 의식,3.06,13.0,2026-05-01 17:47:01,3.06,13,2026-05-01 17:47:01
33. 정보,3.35,13.0,2026-05-01 17:47:01,3.35,13,2026-05-01 17:47:01
34. 계산,3.15,11.0,2026-05-01 17:47:01,3.15,11,2026-05-01 17:47:01
35. 인공지능,3.38,11.0,2026-05-01 17:47:02,3.38,11,2026-05-01 17:47:02
36. 양자계산,3.14,13.0,2026-05-01 17:47:02,3.14,13,2026-05-01 17:47:02
36. 양자계산_v91_수정,,,,3.1,13,2026-05-02 12:57:22
37. 시간,2.81,11.0,2026-05-01 17:47:02,2.81,11,2026-05-01 17:47:02
38. 실재,3.21,13.0,2026-05-01 17:47:02,3.21,13,2026-05-01 17:47:02
39. 인식,2.93,11.0,2026-05-01 17:47:02,2.93,11,2026-05-01 17:47:02
4. 곡률,3.94,15.0,2026-05-01 17:46:58,3.94,15,2026-05-01 17:46:58
40. 의지,2.99,11.0,2026-05-01 17:47:02,2.99,11,2026-05-01 17:47:02
41. 이성,3.18,9.0,2026-05-01 17:47:02,3.18,9,2026-05-01 17:47:02
42. 해체,4.37,15.0,2026-05-01 17:47:03,4.37,15,2026-05-01 17:47:03
43. 경계,3.63,13.0,2026-05-01 17:47:03,3.63,13,2026-05-01 17:47:03
44. 침묵,3.7,11.0,2026-05-02 13:13:05,3.86,11,2026-05-01 17:47:03
45. 음계,4.24,13.0,2026-05-01 17:47:03,4.96,17,2026-05-04 20:37:25
46. 산조,3.49,13.0,2026-05-01 18:43:33,3.49,13,2026-05-01 18:43:33
47. 시,3.77,20.0,2026-05-01 17:47:03,3.77,20,2026-05-01 17:47:03
48. 비극,2.81,11.0,2026-05-01 17:47:03,2.81,11,2026-05-01 17:47:03
49. 미술,3.43,11.0,2026-05-01 17:47:03,3.43,11,2026-05-01 17:47:03
5. 대칭,3.58,15.0,2026-05-01 17:46:58,3.58,15,2026-05-04 20:37:27
50. 건축,4.32,13.0,2026-05-01 17:47:03,4.31,13,2026-05-04 20:37:25
51. 우주,3.11,11.0,2026-05-01 17:46:59,3.11,11,2026-05-01 17:46:59
52. 공존,4.01,13.0,2026-05-01 17:46:59,4.01,13,2026-05-01 17:46:59
53. 인간,4.05,11.0,2026-05-01 17:46:59,4.05,11,2026-05-01 17:46:59
6. 불완전성,3.72,19.0,2026-05-01 17:46:58,3.67,19,2026-05-04 20:37:26
6. 불완전성_수정,,,,3.65,19,2026-05-04 18:40:21
7. 운동,3.47,11.0,2026-05-01 17:46:59,3.46,11,2026-05-04 20:37:26
8. 장,3.82,13.0,2026-05-01 17:46:59,3.82,13,2026-05-01 17:46:59
9. 동시성,3.61,15.0,2026-05-01 17:46:59,3.61,15,2026-05-01 17:46:59
I. 數 — 형식의 발견,0.82,13.0,2026-05-01 17:46:58,0.82,13,2026-05-01 17:46:58
II. 力 — 자연의 법칙,0.84,8.0,2026-05-01 17:46:59,0.84,8,2026-05-01 17:46:59
III. 波 — 확률의 세계,0.68,8.0,2026-05-01 17:47:00,0.68,8,2026-05-01 17:47:00
IV. 統 — 아직 닫히지 않은 방정식,0.69,12.0,2026-05-01 17:47:00,0.69,12,2026-05-01 17:47:00
IX. 美 — 형식의 충동,0.62,8.0,2026-05-01 17:47:03,0.62,8,2026-05-01 17:47:03
V. 物 — 물질과 화학,0.57,6.0,2026-05-01 17:47:01,0.57,6,2026-05-01 17:47:01
VI. 生 — 생명과 진화,0.55,9.0,2026-05-01 17:47:01,0.55,9,2026-05-01 17:47:01
VII. 計 — 정보와 계산,0.54,6.0,2026-05-01 17:47:02,0.54,6,2026-05-01 17:47:02
VIII. 思 — 인식과 철학,0.71,10.0,2026-05-01 17:47:03,0.71,10,2026-05-01 17:47:03
X. 望 — 미래를 바라보다,0.46,5.0,2026-05-01 17:46:59,0.46,5,2026-05-01 17:46:59
"《시간, 공간, 인간(時間, 空間, 人間)》",2.98,96.0,2026-05-01 18:16:20,2.98,96,2026-05-01 18:16:20
序幕 — 問 하늘에 묻다,3.02,21.0,2026-05-01 17:46:58,3.02,21,2026-05-01 17:46:58
終幕 — 答 더 아름다운 질문에 도달하다,1.86,9.0,2026-05-01 17:46:58,1.86,9,2026-05-01 17:46:58
목차,6.12,125.0,2026-05-01 17:46:58,6.12,125,2026-05-01 17:46:58
수식,2.6,169.0,2026-05-01 17:46:58,2.6,169,2026-05-01 17:46:58
집필 원칙 - v0.9까지,5.99,139.0,2026-05-01 17:46:58,5.99,139,2026-05-01 17:46:58
집필 원칙 - v0.9에서 v1.0까지,6.06,141.0,2026-05-01 17:46:58,6.06,141,2026-05-01 17:46:58
